Frequency,C
1600,0.186433
411,0.182508
2135,0.186433
1940,0.264931
4232,0.29633
1214,0.182508
287.04,0.198208
548,0.292406
922,0.186433
100.02,0.30418
1089,0.292406
3926,0.233532
5365,0.213907
3273,0.245307
2596,0.198208
218.04,0.182508
3653,0.30418
445,0.268856
2413,0.198208
384.04,0.182508
3331,0.276706
4515,0.202133
2212,0.261006
3020,0.190358
238.04,0.182508
965,0.190358
3768,0.194283
582,0.249232
4172,0.30418
Mean,Dev
0.22933634482758622,0.046533972023731426
