Frequency,C
965.,0.190358
287.04,0.198208
100.02,0.182508
5365.,0.198208
218.04,0.182508
384.04,0.182508
238.04,0.182508
